{
  "info" : {
    "author" : "xcode",
    "version" : 1
  },
  "properties" : {
    "grid-size" : "small"
  },
  "stickers" : [
    {
      "filename" : "turtle1@3x.sticker"
    },
    {
      "filename" : "turtle2@3x.sticker"
    },
    {
      "filename" : "turtle3@3x.sticker"
    },
    {
      "filename" : "turtle4@3x.sticker"
    },
    {
      "filename" : "turtle5@3x.sticker"
    },
    {
      "filename" : "turtle6@3x.sticker"
    },
    {
      "filename" : "turtle7@3x.sticker"
    },
    {
      "filename" : "turtle8@3x.sticker"
    },
    {
      "filename" : "turtle9@3x.sticker"
    },
    {
      "filename" : "turtle10@3x.sticker"
    },
    {
      "filename" : "turtle11@3x.sticker"
    },
    {
      "filename" : "turtle12@3x.sticker"
    },
    {
      "filename" : "turtle13@3x.sticker"
    },
    {
      "filename" : "turtle14@3x.sticker"
    },
    {
      "filename" : "turtle15@3x.sticker"
    },
    {
      "filename" : "turtle16@3x.sticker"
    },
    {
      "filename" : "turtle17@3x.sticker"
    },
    {
      "filename" : "turtle18@3x.sticker"
    },
    {
      "filename" : "turtle19@3x.sticker"
    },
    {
      "filename" : "turtle20@3x.sticker"
    },
    {
      "filename" : "turtle21@3x.sticker"
    },
    {
      "filename" : "turtle22@3x.sticker"
    },
    {
      "filename" : "turtle23@3x.sticker"
    },
    {
      "filename" : "turtle24@3x.sticker"
    }
  ]
}
