{
  "images" : [
    {
      "filename" : "sticker-58.png",
      "idiom" : "iphone",
      "scale" : "2x",
      "size" : "29x29"
    },
    {
      "filename" : "sticker-87.png",
      "idiom" : "iphone",
      "scale" : "3x",
      "size" : "29x29"
    },
    {
      "filename" : "sticker-120-90.png",
      "idiom" : "iphone",
      "scale" : "2x",
      "size" : "60x45"
    },
    {
      "filename" : "sticker-180-135.png",
      "idiom" : "iphone",
      "scale" : "3x",
      "size" : "60x45"
    },
    {
      "filename" : "sticker-59.png",
      "idiom" : "ipad",
      "scale" : "2x",
      "size" : "29x29"
    },
    {
      "filename" : "sticker-134-100.png",
      "idiom" : "ipad",
      "scale" : "2x",
      "size" : "67x50"
    },
    {
      "filename" : "sticker-148-110.png",
      "idiom" : "ipad",
      "scale" : "2x",
      "size" : "74x55"
    },
    {
      "filename" : "sticker-1024.png",
      "idiom" : "ios-marketing",
      "scale" : "1x",
      "size" : "1024x1024"
    },
    {
      "filename" : "sticker-54-40.png",
      "idiom" : "universal",
      "platform" : "ios",
      "scale" : "2x",
      "size" : "27x20"
    },
    {
      "filename" : "sticker-81-60.png",
      "idiom" : "universal",
      "platform" : "ios",
      "scale" : "3x",
      "size" : "27x20"
    },
    {
      "filename" : "sticker-64-48.png",
      "idiom" : "universal",
      "platform" : "ios",
      "scale" : "2x",
      "size" : "32x24"
    },
    {
      "filename" : "sticker-96-72.png",
      "idiom" : "universal",
      "platform" : "ios",
      "scale" : "3x",
      "size" : "32x24"
    },
    {
      "filename" : "sticker-1024-768.png",
      "idiom" : "ios-marketing",
      "platform" : "ios",
      "scale" : "1x",
      "size" : "1024x768"
    }
  ],
  "info" : {
    "author" : "xcode",
    "version" : 1
  }
}
